page	event	quadrant	sample_name	position	oscillating_cn_2&3_states	cn_segments
1	1	Upper_Left	BTCA_donor_A096	12:1297595−132243589	6, 14	47
1	2	Upper_Right	BTCA_donor_A096	18:18873445−62863653	4, 4	16
1	3	Lower_Left	BTCA_donor_A153	6:36165437−108436463	5, 10	28
1	4	Lower_Right	BTCA_donor_B070	1:152201706−162468614	4, 5	74
2	1	Upper_Left	BTCA_donor_B083	1:175210783−246161909	5, 6	16
2	2	Upper_Right	BTCA_donor_B083	14:35121332−87977558	4, 9	37
2	3	Lower_Left	BTCA_donor_B083	18:22541678−77433482	5, 5	16
2	4	Lower_Right	BTCA_donor_B083	22:32803334−45752862	4, 6	14
3	1	Upper_Left	BTCA_donor_C080	14:22429630−73744179	4, 7	40
3	2	Upper_Right	BTCA_donor_R149	14:22402704−54099947	4, 5	47
3	3	Lower_Left	BTCA_donor_Y008	22:21053371−41089205	4, 11	12
3	4	Lower_Right	BTCA_donor_Y140	19:29068313−56261033	6, 7	45
4	1	Upper_Left	RK137	17:2039238−18611038	5, 5	5
4	2	Upper_Right	RK208	3:54159227−158898997	4, 7	23
4	3	Lower_Left	RK279	1:30955993−118910093	5, 5	15
4	4	Lower_Right	RK298	9:1239088−24282207	4, 6	24
5	1	Upper_Left	RK307	6:144819172−162778287	5, 9	9
5	2	Upper_Right	24f21425-b001-4986-aedf-5b4dd851c6ad	5:5481718−45983726	6, 9	42
5	3	Lower_Left	24f21425-b001-4986-aedf-5b4dd851c6ad	9:5086998−21286063	6, 6	26
5	4	Lower_Right	3ed614e7-f356-4d87-985b-d3bbbae3bb40	7:12512048−21119497	4, 7	22
6	1	Upper_Left	3ed614e7-f356-4d87-985b-d3bbbae3bb40	8:60780756−109595289	6, 6	40
6	2	Upper_Right	3ed614e7-f356-4d87-985b-d3bbbae3bb40	12:13507658−119049122	6, 9	79
6	3	Lower_Left	3ed614e7-f356-4d87-985b-d3bbbae3bb40	17:28237017−34001517	5, 5	31
6	4	Lower_Right	3ed614e7-f356-4d87-985b-d3bbbae3bb40	22:19474849−40455649	4, 6	32
7	1	Upper_Left	5d54c742-5a8e-4c40-8d62-95e75e210ab8	1:39492660−116722898	4, 5	39
7	2	Upper_Right	8c1dd7f7-b74a-4fa2-b6a7-86f0348d2567	7:5163068−112416677	5, 5	35
7	3	Lower_Left	904a8757-e0c5-41ef-b583-c8f170caaac1	17:34199415−58666962	4, 4	17
7	4	Lower_Right	9c274536-3ca1-4f0e-93a8-1688074d862f	8:40629167−102330843	6, 8	39
8	1	Upper_Left	9c274536-3ca1-4f0e-93a8-1688074d862f	17:11629450−33500976	6, 7	34
8	2	Upper_Right	ca554128-da9d-4f37-9560-ca083509e01d	1:168849602−235165090	6, 8	72
8	3	Lower_Left	ca554128-da9d-4f37-9560-ca083509e01d	7:7489162−138751893	6, 8	66
8	4	Lower_Right	ca554128-da9d-4f37-9560-ca083509e01d	14:34967294−99710526	4, 4	13
9	1	Upper_Left	CGP_donor_1437423	3:99097210−115323895	5, 8	19
9	2	Upper_Right	CGP_donor_1437423	6:41870611−56460501	5, 6	40
9	3	Lower_Left	CGP_donor_1397077	5:759551−44322947	5, 8	88
9	4	Lower_Right	CGP_donor_1397077	18:26924845−64011244	4, 7	21
10	1	Upper_Left	CGP_donor_1397077	21:30627381−40515319	4, 6	21
10	2	Upper_Right	CGP_donor_1397083	8:95509557−130921648	4, 5	28
10	3	Lower_Left	CGP_donor_1437403	1:149900456−232658583	6, 11	36
10	4	Lower_Right	CGP_donor_1475256	4:1628586−119770886	6, 8	11
11	1	Upper_Left	CGP_donor_1490914	5:343444−40967400	6, 15	23
11	2	Upper_Right	CGP_donor_1490914	11:101720341−105872169	6, 7	43
11	3	Lower_Left	CGP_donor_1490914	12:75035974−120211927	4, 8	8
11	4	Lower_Right	CGP_donor_1490914	13:104316198−106010540	5, 7	7
12	1	Upper_Left	CGP_donor_1490914	16:53455552−89780377	6, 11	26
12	2	Upper_Right	CGP_donor_1528364	1:2249362−182869104	6, 8	64
12	3	Lower_Left	CGP_donor_1528371	X:137305293−154877002	6, 14	34
12	4	Lower_Right	CGP_donor_1528374	2:171676936−222890322	5, 6	11
13	1	Upper_Left	CGP_donor_1691133	X:56780045−99873812	6, 7	38
13	2	Upper_Right	CGP_donor_1691207	1:146556486−247517843	6, 10	26
13	3	Lower_Left	CGP_donor_1691207	16:117927−85638502	4, 11	21
13	4	Lower_Right	CGP_donor_1691210	19:7542257−27863221	5, 9	32
14	1	Upper_Left	CGP_donor_1691211	4:39643156−81985932	4, 5	43
14	2	Upper_Right	CGP_donor_1691211	5:27518365−44838185	5, 10	43
14	3	Lower_Left	CGP_donor_1691211	11:1368421−44085211	4, 11	43
14	4	Lower_Right	CGP_donor_1691211	19:7281972−41134872	4, 8	77
15	1	Upper_Left	CGP_donor_1691212	1:240384329−248714171	6, 17	23
15	2	Upper_Right	CGP_donor_1691213	8:98131760−131862131	6, 6	53
15	3	Lower_Left	CGP_donor_1691213	17:11128144−68285285	4, 10	98
15	4	Lower_Right	CGP_donor_1691214	1:155935299−166050473	6, 6	19
16	1	Upper_Left	CGP_donor_1691214	2:11400−232123609	6, 9	70
16	2	Upper_Right	CGP_donor_1691217	6:109694663−128848927	5, 8	26
16	3	Lower_Left	CGP_donor_1232859	11:68987281−88452236	4, 8	82
16	4	Lower_Right	CGP_donor_1232859	12:50134439−83407108	5, 9	18
17	1	Upper_Left	CGP_donor_1232859	20:33258582−62543745	5, 10	145
17	2	Upper_Right	CGP_donor_1234121	7:37201530−147378535	4, 7	44
17	3	Lower_Left	CGP_donor_1234121	11:63368164−108986358	5, 7	37
17	4	Lower_Right	CGP_donor_1234124	17:36804652−65070726	5, 8	49
18	1	Upper_Left	CGP_donor_1337214	11:68314464−85167264	4, 9	36
18	2	Upper_Right	CGP_donor_1337217	11:712704−77789504	5, 7	16
18	3	Lower_Left	CGP_donor_1337217	17:29313383−46309227	4, 6	29
18	4	Lower_Right	CGP_donor_1337220	11:60734477−70720476	4, 6	19
19	1	Upper_Left	CGP_donor_1337223	10:76016429−95343437	4, 6	107
19	2	Upper_Right	CGP_donor_1337223	17:48154795−54905796	6, 6	14
19	3	Lower_Left	CGP_donor_1337225	19:5673576−21753985	4, 9	22
19	4	Lower_Right	CGP_donor_1337226	11:364948−79470446	5, 6	69
20	1	Upper_Left	CGP_donor_1347742	14:28909864−42732595	4, 9	16
20	2	Upper_Right	CGP_donor_1347742	17:29361754−67397898	4, 8	68
20	3	Lower_Left	CGP_donor_1353427	10:9142443−92352593	5, 18	30
20	4	Lower_Right	CGP_donor_1353427	17:30795695−44125802	4, 9	16
21	1	Upper_Left	CGP_donor_1353434	15:28941386−52345122	5, 14	14
21	2	Upper_Right	CGP_donor_1364028	6:2192497−33282947	4, 6	33
21	3	Lower_Left	CGP_donor_1364033	7:94323289−158670701	5, 9	50
21	4	Lower_Right	CGP_donor_1364033	10:74137063−96621191	5, 5	56
22	1	Upper_Left	CGP_donor_1364033	11:32528936−85324051	6, 14	25
22	2	Upper_Right	CGP_donor_1364033	12:38404016−75256147	4, 5	86
22	3	Lower_Left	CGP_donor_1364033	15:31008365−57097215	5, 14	23
22	4	Lower_Right	CGP_donor_1364033	16:54538858−83487717	5, 11	20
23	1	Upper_Left	CGP_donor_1364033	20:23008810−61019046	5, 8	44
23	2	Upper_Right	CGP_donor_1374616	19:34372322−59071044	5, 8	31
23	3	Lower_Left	CGP_donor_1397086	5:66307170−180674011	6, 17	32
23	4	Lower_Right	CGP_donor_1397086	16:51856069−69324699	5, 10	19
24	1	Upper_Left	CGP_donor_1397260	6:38510448−42541219	5, 12	12
24	2	Upper_Right	CGP_donor_1397262	9:1026203−36225240	4, 4	32
24	3	Lower_Left	CGP_donor_1397262	16:937916−47287050	4, 9	14
24	4	Lower_Right	CGP_donor_1397262	20:43024445−61292598	4, 6	64
25	1	Upper_Left	CGP_donor_1397278	8:36028735−142305374	6, 12	72
25	2	Upper_Right	CGP_donor_1425260	11:67115970−94692580	6, 6	72
25	3	Lower_Left	CGP_donor_1475200	6:16058789−41282014	5, 7	17
25	4	Lower_Right	CGP_donor_1475201	13:81313916−114454357	5, 5	26
26	1	Upper_Left	CGP_donor_1475202	4:44897680−94849273	4, 5	5
26	2	Upper_Right	CGP_donor_1475202	12:89302895−108838113	5, 6	29
26	3	Lower_Left	CGP_donor_1475202	19:4796337−21735946	6, 9	16
26	4	Lower_Right	CGP_donor_1503014	8:36316585−58193474	5, 5	24
27	1	Upper_Left	CGP_donor_1503014	11:57620337−81529411	5, 7	53
27	2	Upper_Right	CGP_donor_1503016	11:67121530−83614852	5, 12	14
27	3	Lower_Left	CGP_donor_1503021	16:46993430−84786026	6, 7	9
27	4	Lower_Right	CGP_donor_1503150	6:3658692−44465119	6, 9	18
28	1	Upper_Left	CGP_donor_1503150	8:36031131−90557044	4, 7	19
28	2	Upper_Right	CGP_donor_1114881	8:31373451−72632912	4, 13	60
28	3	Lower_Left	CGP_donor_1114881	10:17464930−97184502	6, 10	12
28	4	Lower_Right	CGP_donor_1187030	20:24116036−55592291	4, 6	26
29	1	Upper_Left	CGP_donor_1187033	12:14425084−25928588	6, 8	8
29	2	Upper_Right	CGP_donor_1187033	17:38442067−79276431	5, 5	116
29	3	Lower_Left	CGP_donor_1199104	2:122442175−191880486	6, 8	26
29	4	Lower_Right	CGP_donor_1199104	4:53118926−163564696	6, 11	115
30	1	Upper_Left	CGP_donor_1199104	5:77648424−175567950	6, 9	9
30	2	Upper_Right	CGP_donor_1199104	8:13736456−132773372	6, 6	155
30	3	Lower_Left	CGP_donor_1199104	10:800474−27783066	4, 6	50
30	4	Lower_Right	CGP_donor_1199104	11:66056632−80789772	5, 5	75
31	1	Upper_Left	CGP_donor_1199129	12:1812499−12002882	5, 17	17
31	2	Upper_Right	CGP_donor_1199131	8:41127422−122943006	4, 6	33
31	3	Lower_Left	CGP_donor_1199131	19:831618−58208210	5, 5	34
31	4	Lower_Right	CGP_donor_1199138	2:16077672−242757221	5, 7	30
32	1	Upper_Left	CGP_donor_1199138	8:106917395−143420924	4, 7	24
32	2	Upper_Right	CGP_donor_1199138	11:64326051−80060406	5, 5	56
32	3	Lower_Left	CGP_donor_1230722	3:3536437−158590135	5, 6	34
32	4	Lower_Right	CGP_donor_1230722	4:53307836−100323926	5, 5	46
33	1	Upper_Left	CGP_donor_1230722	14:31249224−43197371	4, 5	8
33	2	Upper_Right	CGP_donor_1230728	5:51047194−59523791	4, 4	41
33	3	Lower_Left	CGP_donor_1230728	12:39789055−71175213	4, 6	29
33	4	Lower_Right	CGP_donor_1230728	13:33627141−81483301	4, 9	13
34	1	Upper_Left	CGP_donor_1230729	1:52686225−58856084	4, 7	10
34	2	Upper_Right	CGP_donor_1230778	1:30154115−107830373	5, 10	44
34	3	Lower_Left	CGP_donor_1230785	2:2703128−76418672	6, 8	25
34	4	Lower_Right	CGP_donor_1230785	X:108712192−124865542	5, 6	23
35	1	Upper_Left	CGP_donor_1310131	8:37059484−62040279	5, 9	35
35	2	Upper_Right	CGP_donor_1347720	2:146257863−227776482	6, 6	9
35	3	Lower_Left	CGP_donor_1347737	13:25444057−108478748	4, 6	41
35	4	Lower_Right	CGP_donor_1347737	19:712477−38656509	5, 7	36
36	1	Upper_Left	CGP_donor_1353431	9:77800927−139754035	5, 8	130
36	2	Upper_Right	CGP_donor_1353431	10:6930033−52299947	6, 10	40
36	3	Lower_Left	CGP_donor_1353431	17:27282661−72008912	5, 8	34
36	4	Lower_Right	CGP_donor_1353432	11:57883853−105414478	4, 6	45
37	1	Upper_Left	CGP_donor_1363963	3:157158956−178255600	5, 7	16
37	2	Upper_Right	CGP_donor_1456607	12:5519258−24071782	4, 5	39
37	3	Lower_Left	CGP_donor_1456607	X:144433858−145805852	6, 8	8
37	4	Lower_Right	CGP_donor_1472394	12:47550216−98458711	5, 5	5
38	1	Upper_Left	CGP_donor_1472395	15:28701023−57607104	5, 10	20
38	2	Upper_Right	CGP_donor_1606179	9:4256540−29177994	4, 7	22
38	3	Lower_Left	CGP_donor_1606179	12:17064462−27430583	4, 4	24
38	4	Lower_Right	CGP_donor_1654385	1:154387036−165898515	4, 7	63
39	1	Upper_Left	CGP_donor_1701345	1:35101528−48512693	5, 11	11
39	2	Upper_Right	CGP_donor_1701345	2:102310161−225180735	6, 12	78
39	3	Lower_Left	CGP_donor_1701345	5:28386068−38607621	6, 6	17
39	4	Lower_Right	CGP_donor_1701345	10:290666−86528975	5, 7	52
40	1	Upper_Left	CGP_donor_1701345	X:47359209−62646302	4, 8	33
40	2	Upper_Right	084c6aec-94f7-4090-8f3f-59fa9e89721a	17:25508004−62998961	4, 5	41
40	3	Lower_Left	08da7c4c-3067-4bcf-9d7a-78566df72e69	12:3255392−12445504	6, 9	56
40	4	Lower_Right	0a2a3529-f645-4967-9a58-89ee20b8bb62	8:28068350−48961471	4, 7	21
41	1	Upper_Left	0bc5744c-5fa3-45bb-87d0-70a02068b392	1:755344−72678036	5, 7	43
41	2	Upper_Right	0bc5744c-5fa3-45bb-87d0-70a02068b392	8:22116077−140133049	4, 5	21
41	3	Lower_Left	0bc5744c-5fa3-45bb-87d0-70a02068b392	11:67403366−89463830	5, 9	47
41	4	Lower_Right	0bc5744c-5fa3-45bb-87d0-70a02068b392	17:31395557−80441361	6, 14	179
42	1	Upper_Left	0bc5744c-5fa3-45bb-87d0-70a02068b392	20:2672158−18490675	5, 6	13
42	2	Upper_Right	0dca98b0-f43e-45b6-9a02-00092c78678c	5:24520−120779185	6, 15	97
42	3	Lower_Left	1174f6e4-ffbe-4e59-a000-8d861c968369	3:95813661−124485880	6, 10	94
42	4	Lower_Right	1174f6e4-ffbe-4e59-a000-8d861c968369	6:71335682−87123000	4, 7	16
43	1	Upper_Left	1174f6e4-ffbe-4e59-a000-8d861c968369	17:35714118−65191896	6, 9	81
43	2	Upper_Right	1557183c-aedd-4df6-b98a-3654667f7b69	4:155589998−190789670	5, 14	14
43	3	Lower_Left	1557183c-aedd-4df6-b98a-3654667f7b69	11:19167099−105816357	5, 9	103
43	4	Lower_Right	1557183c-aedd-4df6-b98a-3654667f7b69	13:49252644−68873475	6, 9	9
44	1	Upper_Left	1557183c-aedd-4df6-b98a-3654667f7b69	17:29145267−69232449	5, 7	324
44	2	Upper_Right	233b02f3-c4f0-4a67-9db5-e68d5cdaccb6	7:52434693−145134157	4, 5	31
44	3	Lower_Left	233b02f3-c4f0-4a67-9db5-e68d5cdaccb6	8:63956033−143798717	5, 13	150
44	4	Lower_Right	233b02f3-c4f0-4a67-9db5-e68d5cdaccb6	9:30724383−136978634	4, 8	34
45	1	Upper_Left	233b02f3-c4f0-4a67-9db5-e68d5cdaccb6	X:3683303−142419844	5, 7	77
45	2	Upper_Right	2779fa01-ac93-4e80-a997-3385f72172c3	17:11610139−39394274	5, 9	128
45	3	Lower_Left	38a8b734-9acc-42f9-b5b7-e51b0dfc6504	19:28234779−29767781	6, 7	7
45	4	Lower_Right	441919eb-8c9f-478c-bda3-8de4f8295e8a	1:94026241−145056864	4, 6	51
46	1	Upper_Left	44bec761-b603-49c0-8634-f6bfe0319bb1	17:47241742−74862785	6, 7	71
46	2	Upper_Right	4da999a0-ef41-4a0b-b1d1-446b39cc855a	2:115111736−198568025	5, 9	63
46	3	Lower_Left	4da999a0-ef41-4a0b-b1d1-446b39cc855a	18:6714837−10477636	4, 5	11
46	4	Lower_Right	53886143-c1c6-40e9-88e6-e4e5e0271fc8	19:27822952−53535690	5, 7	24
47	1	Upper_Left	53886143-c1c6-40e9-88e6-e4e5e0271fc8	X:16428213−98616120	6, 9	9
47	2	Upper_Right	5580b21a-2cdb-4777-ad79-6e06654144f5	17:27472457−78723957	5, 8	232
47	3	Lower_Left	566792ae-f853-4a47-856d-f02cdcfcb18a	1:35669387−215888510	6, 10	117
47	4	Lower_Right	566792ae-f853-4a47-856d-f02cdcfcb18a	11:76728327−84744117	5, 8	18
48	1	Upper_Left	566792ae-f853-4a47-856d-f02cdcfcb18a	13:20809449−38507871	6, 11	32
48	2	Upper_Right	566792ae-f853-4a47-856d-f02cdcfcb18a	17:25885913−74155397	5, 9	84
48	3	Lower_Left	5dd423e8-feaa-4568-a750-500948c41d6c	1:150805216−169752869	4, 6	33
48	4	Lower_Right	5dd423e8-feaa-4568-a750-500948c41d6c	10:68422126−88297594	4, 11	25
49	1	Upper_Left	5ed024e8-d05e-4c65-9441-eda9930ccc82	13:27374782−90659951	5, 5	14
49	2	Upper_Right	60df7543-6da5-4c75-943b-5800c1e08234	8:38109487−141109862	4, 5	106
49	3	Lower_Left	60df7543-6da5-4c75-943b-5800c1e08234	9:7101017−102960994	4, 8	10
49	4	Lower_Right	6fa2a667-9c36-4526-8a58-1975e863a806	1:94274301−226426398	4, 6	42
50	1	Upper_Left	733a2a0f-b37a-4b81-b49e-3c0f30d1eb37	17:34384789−59566711	5, 7	47
50	2	Upper_Right	75113445-d2d6-44a0-866c-c9175e6d214b	3:32984474−82175838	5, 6	23
50	3	Lower_Left	75113445-d2d6-44a0-866c-c9175e6d214b	10:54407919−63446307	5, 10	109
50	4	Lower_Right	75113445-d2d6-44a0-866c-c9175e6d214b	11:59935523−67621236	5, 8	17
51	1	Upper_Left	75113445-d2d6-44a0-866c-c9175e6d214b	14:21299867−63371689	4, 7	22
51	2	Upper_Right	784de7ac-8424-42eb-83d4-a1bebaa42b97	11:48231454−78887152	4, 6	86
51	3	Lower_Left	8785012f-f73e-4d68-87cf-1d804af32782	21:38958060−45893770	4, 6	8
51	4	Lower_Right	8cf54607-01ce-42b0-9bd9-8627edd9f3b7	3:4979331−87053735	5, 5	35
52	1	Upper_Left	8cf54607-01ce-42b0-9bd9-8627edd9f3b7	6:66019356−135278033	6, 6	57
52	2	Upper_Right	8cf54607-01ce-42b0-9bd9-8627edd9f3b7	8:61853482−136089944	4, 7	65
52	3	Lower_Left	8cf54607-01ce-42b0-9bd9-8627edd9f3b7	15:32410181−71959926	5, 10	34
52	4	Lower_Right	8cf54607-01ce-42b0-9bd9-8627edd9f3b7	21:35999819−47786448	5, 5	54
53	1	Upper_Left	9435447e-d65f-408b-863b-6576b1d652dd	8:27280903−40031251	5, 9	15
53	2	Upper_Right	993103b1-e5a1-4c33-8629-be53ebc41d64	X:29228730−35455689	4, 10	15
53	3	Lower_Left	9938ce5c-e74e-446e-a932-f096f85cc3b1	3:8619684−170470349	5, 5	5
53	4	Lower_Right	9fefbe7c-f66a-4940-843e-285cb7b392c1	6:5413201−164420806	6, 16	129
54	1	Upper_Left	9fefbe7c-f66a-4940-843e-285cb7b392c1	18:3037071−12644210	6, 6	6
54	2	Upper_Right	9fefbe7c-f66a-4940-843e-285cb7b392c1	19:12822132−24591286	4, 6	27
54	3	Lower_Left	9fefbe7c-f66a-4940-843e-285cb7b392c1	X:115424165−135666891	4, 7	29
54	4	Lower_Right	a824b3bd-34d5-4cc1-a92f-f9d6ac0f1814	1:147408680−212272247	6, 9	62
55	1	Upper_Left	a824b3bd-34d5-4cc1-a92f-f9d6ac0f1814	11:10547187−101046437	5, 15	78
55	2	Upper_Right	a9b7d7fe-be31-4f71-afee-c1bfdf511888	8:63227110−131599267	6, 8	173
55	3	Lower_Left	b43e41af-1d82-4b5f-b8f1-add0510e6b86	11:55581976−79948001	4, 6	37
55	4	Lower_Right	b43e41af-1d82-4b5f-b8f1-add0510e6b86	17:26793465−79998471	4, 7	64
56	1	Upper_Left	b43e41af-1d82-4b5f-b8f1-add0510e6b86	20:4186490−34159090	5, 8	19
56	2	Upper_Right	b97bf89a-7a85-4eef-ae7e-f787aead1f0a	5:8856070−26153658	6, 8	13
56	3	Lower_Left	c0892598-1f7b-4f23-9cd8-731f797753d5	3:166105643−176738060	5, 8	13
56	4	Lower_Right	c0892598-1f7b-4f23-9cd8-731f797753d5	22:19004440−50133204	5, 16	16
57	1	Upper_Left	c364e81c-eb1e-4870-ab37-9c661f5f2e3d	12:56913152−101125708	5, 8	81
57	2	Upper_Right	c364e81c-eb1e-4870-ab37-9c661f5f2e3d	20:24138933−61546429	5, 7	148
57	3	Lower_Left	d3d545b3-457f-4389-821f-704cb24aff7f	8:67453419−86357134	5, 6	20
57	4	Lower_Right	d3d545b3-457f-4389-821f-704cb24aff7f	11:47447817−102287472	4, 6	18
58	1	Upper_Left	d67cd793-2931-429a-9084-2f3c4c8be7ad	6:57423175−76896760	6, 12	21
58	2	Upper_Right	d67cd793-2931-429a-9084-2f3c4c8be7ad	9:17497087−129076121	4, 5	32
58	3	Lower_Left	d67cd793-2931-429a-9084-2f3c4c8be7ad	11:1800449−37610887	5, 5	13
58	4	Lower_Right	d67cd793-2931-429a-9084-2f3c4c8be7ad	14:20136324−55556440	6, 8	76
59	1	Upper_Left	d6f7afc0-1558-43ad-acb1-2b5311ed2264	6:105302877−111874190	4, 9	35
59	2	Upper_Right	d6f7afc0-1558-43ad-acb1-2b5311ed2264	13:65488647−114881095	5, 8	93
59	3	Lower_Left	d8d7a6c2-6427-4f47-968c-6c3affba4617	8:78814327−143134735	4, 7	214
59	4	Lower_Right	d8d7a6c2-6427-4f47-968c-6c3affba4617	12:61134794−98290462	5, 6	48
60	1	Upper_Left	d9dc3b59-613d-469e-8b4f-6c5a557eb26a	6:15838701−146459167	4, 9	70
60	2	Upper_Right	e4fc0909-f284-4471-866d-d8967b6adcbc	13:35528163−62533552	6, 10	48
60	3	Lower_Left	e4fc0909-f284-4471-866d-d8967b6adcbc	17:14753198−76302171	6, 7	91
60	4	Lower_Right	e4fc0909-f284-4471-866d-d8967b6adcbc	20:34495099−60210989	5, 10	75
61	1	Upper_Left	f0787165-6f58-4d67-b510-928eea2c4882	11:64649854−90375457	4, 8	90
61	2	Upper_Right	f45210d3-9e66-4f5e-bef1-5ee5547cc893	12:15014157−131294963	6, 10	22
61	3	Lower_Left	f45210d3-9e66-4f5e-bef1-5ee5547cc893	X:64048649−139724918	6, 12	19
61	4	Lower_Right	f51af6db-2655-47fb-9ffc-83a503a728ea	17:49337625−73767807	5, 5	35
62	1	Upper_Left	f6e1ec78-5ad9-4879-9b7e-262d17b166ad	11:59328137−82524424	4, 5	77
62	2	Upper_Right	f6e1ec78-5ad9-4879-9b7e-262d17b166ad	17:26949478−66253676	4, 5	81
62	3	Lower_Left	CGP_donor_1451426	17:17901920−60667439	6, 11	37
62	4	Lower_Right	CGP_donor_1114930	16:8249679−22198632	4, 6	20
63	1	Upper_Left	CGP_donor_1234120	5:27117220−142566044	4, 7	32
63	2	Upper_Right	CGP_donor_1234120	7:108549083−153423652	5, 7	22
63	3	Lower_Left	CGP_donor_1234120	15:59922904−101226389	4, 6	18
63	4	Lower_Right	CGP_donor_1353429	8:22728682−56379069	4, 5	45
64	1	Upper_Left	CGP_donor_1353429	11:39761387−78170654	4, 5	55
64	2	Upper_Right	CGP_donor_1230724	17:6272054−47320751	4, 5	30
64	3	Lower_Left	2d29a4ac-98e7-4663-9dd6-5681bc32ac2e	1:202357683−216952427	5, 11	12
64	4	Lower_Right	2d29a4ac-98e7-4663-9dd6-5681bc32ac2e	11:68233404−80019931	5, 10	57
65	1	Upper_Left	ef4cbd38-bc79-4d60-a715-647edd2ebe9e	21:32373739−47753333	5, 8	45
65	2	Upper_Right	00bca18c-b3d4-45a3-8f19-034cc40449a4	12:47208673−56550744	4, 6	6
65	3	Lower_Left	8a4da4f0-30f2-497e-8a7c-988fd6b813cb	21:18922646−26760076	4, 5	11
65	4	Lower_Right	eb59cf69-1997-41b9-bf69-69ad7da292a1	1:151719688−220597001	5, 5	8
66	1	Upper_Left	01a92062-967a-4900-8dc7-a5ecd3b3f8e2	9:115736690−134498722	5, 9	27
66	2	Upper_Right	0798dbe2-1914-427c-a2fe-2a865d0d6eda	9:17843117−36219343	5, 9	19
66	3	Lower_Left	2c5fa2d4-8e35-42e4-8bca-9fb3371a19c8	12:2835782−133092445	5, 5	28
66	4	Lower_Right	386b629e-fab1-4033-b088-45d6eeb4a13e	3:126688674−182097458	5, 18	18
67	1	Upper_Left	521ea765-1bd1-423d-a75d-091243df37a9	12:57657463−59700261	4, 6	30
67	2	Upper_Right	5c984433-33cf-42fc-b3ba-511efcdcab19	4:54735188−55541337	4, 7	25
67	3	Lower_Left	5c984433-33cf-42fc-b3ba-511efcdcab19	9:20593576−38007522	5, 11	11
67	4	Lower_Right	737b35e1-d668-4fce-9b6e-76946c7952b6	12:8669087−9519921	5, 5	5
68	1	Upper_Left	74139255-a635-4c87-814d-3dd04ed630a8	9:21130542−26979040	5, 9	21
68	2	Upper_Right	93ed7a2b-b0cb-4a84-871f-5c34a0b6a640	6:71789357−170660594	6, 8	27
68	3	Lower_Left	93ed7a2b-b0cb-4a84-871f-5c34a0b6a640	12:44665062−82704891	6, 6	12
68	4	Lower_Right	a2ac9937-f351-4d78-9261-264bf6c21e0c	1:5166554−214663754	4, 5	8
69	1	Upper_Left	b37d944c-c65c-46d6-bb8b-3eb37cb85b68	12:57781868−59706359	4, 5	29
69	2	Upper_Right	be3a7ef3-34ed-40e1-9d9c-187940596b26	7:25442783−152694109	4, 5	39
69	3	Lower_Left	bf339349-062f-4ea9-a0b2-d87d3a21099e	7:16533917−100901571	6, 6	36
69	4	Lower_Right	c931f3bd-74c5-4ebd-bc0f-c7c6becd25ab	6:43602359−48828217	4, 4	26
70	1	Upper_Left	c931f3bd-74c5-4ebd-bc0f-c7c6becd25ab	12:57367262−69519356	4, 5	46
70	2	Upper_Right	de7b7cac-f094-4d59-8651-e991e34ea093	2:4931914−5944046	6, 6	6
70	3	Lower_Left	de7b7cac-f094-4d59-8651-e991e34ea093	4:54660832−64870856	4, 7	7
70	4	Lower_Right	ICGC_MB131	8:22113923−128760777	5, 6	25
71	1	Upper_Left	ICGC_MB177	2:15386910−16129075	4, 7	21
71	2	Upper_Right	ICGC_MB181	5:63000287−120810285	4, 7	7
71	3	Lower_Left	ICGC_MB34	12:461707−31932605	5, 10	32
71	4	Lower_Right	ICGC_MB34	17:27146708−67502119	6, 15	20
72	1	Upper_Left	ICGC_MB50	8:126667508−129701837	4, 4	36
72	2	Upper_Right	ICGC_MB91	17:19371748−79563637	6, 10	15
72	3	Lower_Left	6a0bcf0c-fa4c-4119-99d2-f722b781d20f	2:214706062−225494723	6, 6	11
72	4	Lower_Right	70939245-41e0-4845-a473-5fef719b9828	4:483333−4943380	6, 8	14
73	1	Upper_Left	f86fa219-34e9-4812-8edf-2b66d7219779	1:186471142−228569911	4, 4	22
73	2	Upper_Right	5116e3b4-2bac-40f5-8046-b9c1783faaa5	19:8475496−27976857	5, 7	18
73	3	Lower_Left	6fa41234-9077-4d05-a295-6820f3bedf5b	17:22158710−65973469	4, 5	32
73	4	Lower_Right	d8e9ea52-ff28-4626-baa3-71350fd53ddf	7:81604311−155367371	5, 9	71
74	1	Upper_Left	d8e9ea52-ff28-4626-baa3-71350fd53ddf	13:19541475−97747877	5, 5	22
74	2	Upper_Right	335d0351-3740-4847-9ff4-be2f078c70f7	17:28133401−66354370	4, 7	22
74	3	Lower_Left	8e00e7e7-ffaf-44f0-91a7-172671f18e08	17:26926287−80606072	4, 7	7
74	4	Lower_Right	9af35239-ffb9-4d4f-889e-f743da271eef	20:14694871−15096752	4, 4	4
75	1	Upper_Left	OCCAMS-AH-021	19:4125375−58935360	4, 7	45
75	2	Upper_Right	OCCAMS-AH-036	17:38600780−56393627	4, 5	33
75	3	Lower_Left	OCCAMS-AH-039	11:68863900−132284467	4, 6	54
75	4	Lower_Right	OCCAMS-AH-042	18:827310−25488324	6, 18	27
76	1	Upper_Left	OCCAMS-AH-047	22:46434583−50985112	6, 13	13
76	2	Upper_Right	OCCAMS-AH-064	7:64763385−155596659	6, 9	48
76	3	Lower_Left	OCCAMS-AH-064	16:8170195−89798592	5, 8	35
76	4	Lower_Right	OCCAMS-AH-071	8:26605057−141712244	5, 10	19
77	1	Upper_Left	OCCAMS-AH-077	13:69907738−73751361	4, 5	9
77	2	Upper_Right	OCCAMS-AH-096	11:63032046−128045151	4, 6	39
77	3	Lower_Left	OCCAMS-AH-096	19:27855418−58222100	6, 7	98
77	4	Lower_Right	OCCAMS-AH-108	21:19802561−41893624	5, 10	10
78	1	Upper_Left	OCCAMS-AH-127	8:24116542−40417339	4, 7	11
78	2	Upper_Right	OCCAMS-AH-127	12:21670505−75969433	4, 6	15
78	3	Lower_Left	OCCAMS-AH-131	14:22399406−106374496	5, 6	39
78	4	Lower_Right	OCCAMS-AH-135	5:29118627−180500252	5, 13	37
79	1	Upper_Left	OCCAMS-AH-135	6:39890387−56314680	5, 7	27
79	2	Upper_Right	OCCAMS-AH-136	6:45096268−148600879	5, 5	14
79	3	Lower_Left	OCCAMS-AH-146	4:21026782−98969606	4, 7	40
79	4	Lower_Right	OCCAMS-AH-146	17:25626424−76366954	4, 6	80
80	1	Upper_Left	OCCAMS-AH-167	17:26331304−40471971	5, 6	28
80	2	Upper_Right	OCCAMS-AH-174	7:50712649−55386047	4, 5	28
80	3	Lower_Left	OCCAMS-AH-174	8:1230941−38668853	5, 9	12
80	4	Lower_Right	OCCAMS-AH-174	17:1185559−19439852	4, 5	31
81	1	Upper_Left	OCCAMS-AH-174	21:16251242−47972973	5, 8	41
81	2	Upper_Right	OCCAMS-AH-182	1:41909912−244361254	6, 6	28
81	3	Lower_Left	OCCAMS-AH-182	4:74456231−153507115	4, 10	41
81	4	Lower_Right	OCCAMS-GS-002	13:23188644−59775992	5, 13	33
82	1	Upper_Left	OCCAMS-PS-013	1:193309911−196936704	4, 5	8
82	2	Upper_Right	OCCAMS-QE-095	17:25534782−75535929	6, 7	56
82	3	Lower_Left	OCCAMS-RS-006	17:50758967−64888510	5, 11	11
82	4	Lower_Right	OCCAMS-RS-007	12:25246063−31515072	4, 4	41
83	1	Upper_Left	OCCAMS-RS-008	11:38894113−101762285	6, 11	51
83	2	Upper_Right	OCCAMS-RS-008	12:1702270−74329204	5, 5	69
83	3	Lower_Left	OCCAMS-RS-031	14:25421773−106863854	5, 6	19
83	4	Lower_Right	OCCAMS-RS-036	17:38588621−39990043	4, 7	30
84	1	Upper_Left	OCCAMS-RS-047	17:37640778−73863270	6, 8	39
84	2	Upper_Right	OCCAMS-SH-003	11:76719544−87065454	5, 5	21
84	3	Lower_Left	OCCAMS-SH-003	18:14973143−55776093	5, 9	46
84	4	Lower_Right	OCCAMS-SH-024	1:32513613−249217731	6, 13	114
85	1	Upper_Left	OCCAMS-SH-024	3:101679749−195089023	6, 6	116
85	2	Upper_Right	OCCAMS-SH-038	17:26663234−66204181	4, 4	38
85	3	Lower_Left	OCCAMS-SH-051	11:83876112−130719233	6, 12	23
85	4	Lower_Right	OCCAMS-SH-071	15:42066409−91876190	5, 5	35
86	1	Upper_Left	OCCAMS-ST-020	18:1524644−24959091	6, 6	13
86	2	Upper_Right	OCCAMS-ST-029	17:1828973−80871688	4, 5	29
86	3	Lower_Left	OCCAMS-ST-037	7:12338056−28936629	4, 5	7
86	4	Lower_Right	OCCAMS-ST-037	8:56764256−133807235	5, 5	40
87	1	Upper_Left	OCCAMS-ST-037	17:29160620−67758256	5, 5	36
87	2	Upper_Right	OCCAMS-ST-041	5:15221088−46212518	5, 8	27
87	3	Lower_Left	OCCAMS-WG-001	17:20549700−75923156	6, 6	10
87	4	Lower_Right	OCCAMS-WG-005	7:64499272−112538689	4, 6	40
88	1	Upper_Left	OCCAMS-WG-008	4:10386453−188335991	4, 11	67
88	2	Upper_Right	OCCAMS-WG-008	6:24415766−65407598	4, 6	23
88	3	Lower_Left	OCCAMS-ZZ-004	8:8960637−125604409	5, 12	31
88	4	Lower_Right	OCCAMS-ZZ-004	14:22899463−27108658	6, 7	7
89	1	Upper_Left	OCCAMS-ZZ-009	12:15448042−117609293	6, 10	110
89	2	Upper_Right	OCCAMS-ZZ-016	7:16983311−102542434	6, 6	38
89	3	Lower_Left	OCCAMS-ZZ-016	17:2088600−25571414	6, 8	13
89	4	Lower_Right	3e5f451a-5882-4914-ae1a-95c898c2bcca	2:164623105−179954501	5, 15	56
90	1	Upper_Left	64bb5550-2735-4401-a0db-58ec1020a32d	17:35502073−70069761	4, 4	26
90	2	Upper_Right	7de19081-d5fd-468c-ad0d-f6e3e8b2ad70	6:132384731−147888916	4, 5	36
90	3	Lower_Left	7de19081-d5fd-468c-ad0d-f6e3e8b2ad70	14:37204606−75501405	4, 4	27
90	4	Lower_Right	7de19081-d5fd-468c-ad0d-f6e3e8b2ad70	16:56444067−89001559	6, 8	16
91	1	Upper_Left	8fc1f1be-d2d5-4b3a-9973-f4d964018beb	11:78556791−103094093	5, 6	34
91	2	Upper_Right	90a8d2cb-1f31-45f9-8575-eed3cb9a7798	11:15147379−100462923	5, 8	26
91	3	Lower_Left	ad6c9d09-2c03-4786-a72d-dd2aa5f603d4	22:19715951−51129703	6, 8	61
91	4	Lower_Right	70e306ee-9584-49d6-81a1-a49d837ab6aa	8:48323075−117143870	5, 8	70
92	1	Upper_Left	b809c2f2-185c-496a-a1d4-589294443a1d	19:1021778−54719797	5, 9	30
92	2	Upper_Right	d80f601b-1064-4ff0-9c51-7f6afb22d1f5	4:76505435−82891389	6, 6	6
92	3	Lower_Left	C0066	3:65418245−76275813	6, 11	11
92	4	Lower_Right	1987b453-f97d-45c7-9c89-b9a33313d645	20:20959449−62129528	6, 8	28
93	1	Upper_Left	2854ffe8-1f77-497a-bf49-11e0189fee35	2:184611141−197996965	4, 8	17
93	2	Upper_Right	3acf7438-fd65-442c-8a30-68b6714537f3	14:34361058−105047156	4, 5	21
93	3	Lower_Left	52292ffc-0902-4d97-b461-20723987a177	14:20673089−49273351	5, 12	12
93	4	Lower_Right	56a82a56-0241-4d3d-9de2-696b0c36df91	20:3053950−60453503	4, 5	25
94	1	Upper_Left	614c0ecf-6a84-4c86-8706-79be5bb00991	6:63448509−112361461	4, 4	4
94	2	Upper_Right	65e430e1-0c9a-4045-83a9-653b7cff811d	3:99990176−110508418	4, 7	11
94	3	Lower_Left	6dcfc418-ab28-4365-95ea-c1ae254f2341	9:71361828−139860149	6, 6	36
94	4	Lower_Right	8afa3140-dcbd-44c0-ab13-4ada6a0444d4	19:38719064−58932021	5, 14	27
95	1	Upper_Left	b865dec4-f051-4fbe-9405-f832ff2010d7	8:47804145−122986495	4, 6	25
95	2	Upper_Right	b865dec4-f051-4fbe-9405-f832ff2010d7	11:49377920−77893092	5, 9	42
95	3	Lower_Left	c0bf9278-9cbb-4361-b4d8-ab172b67e276	11:56563250−70581761	6, 6	23
95	4	Lower_Right	c95ed407-bcc2-44aa-bc59-bf7549f2d665	6:41892254−58688812	6, 12	18
96	1	Upper_Left	ca8afb2c-be3d-41e8-8dbc-19fe7ab6154b	6:57869537−70524555	4, 6	17
96	2	Upper_Right	d680df09-368e-42b5-b540-45c41ed31042	13:24796654−56409610	5, 5	5
96	3	Lower_Left	dfa15fbe-bb14-40ce-afc6-70694112e3e2	8:882836−39730717	5, 7	12
96	4	Lower_Right	HX12	15:29329993−102165441	5, 9	17
97	1	Upper_Left	HX14	8:11152586−52033115	5, 8	25
97	2	Upper_Right	HX21	8:53518261−139231447	5, 12	89
97	3	Lower_Left	HX25	5:29249343−44428121	6, 8	18
97	4	Lower_Right	HX28	6:63623695−135334641	4, 5	12
98	1	Upper_Left	HX35	4:1056612−57295598	4, 8	36
98	2	Upper_Right	HX35	17:8507299−11666681	6, 12	28
98	3	Lower_Left	RK003	17:35358262−80803775	5, 5	24
98	4	Lower_Right	RK038	6:102965111−108005363	6, 8	8
99	1	Upper_Left	RK042	4:26444895−45511514	5, 9	17
99	2	Upper_Right	RK061	7:1738702−57285072	6, 9	28
99	3	Lower_Left	RK061	8:24743909−48399104	5, 9	20
99	4	Lower_Right	RK072	3:144516195−181561816	4, 10	67
100	1	Upper_Left	RK079	8:92616813−123287245	4, 9	9
100	2	Upper_Right	RK079	9:3532306−27548765	5, 5	11
100	3	Lower_Left	RK085	7:68220087−124871888	5, 7	147
100	4	Lower_Right	RK085	8:87033701−105868006	4, 5	20
101	1	Upper_Left	RK087	12:24148141−34697150	4, 5	14
101	2	Upper_Right	RK088	6:18913889−66058087	6, 7	13
101	3	Lower_Left	RK089	9:23213827−137506288	5, 9	17
101	4	Lower_Right	RK091	12:46659315−73611218	5, 6	61
102	1	Upper_Left	RK092	4:26100061−63228862	4, 4	30
102	2	Upper_Right	RK098	11:2705633−93356459	5, 8	21
102	3	Lower_Left	RK098	X:63781853−76077025	5, 6	24
102	4	Lower_Right	RK099	8:50144650−144536434	5, 12	12
103	1	Upper_Left	RK100	X:48002589−124488576	5, 7	18
103	2	Upper_Right	RK101	11:69040190−120528008	5, 7	92
103	3	Lower_Left	RK111	10:73592301−80444902	6, 6	6
103	4	Lower_Right	RK117	16:12581311−86577989	5, 5	5
104	1	Upper_Left	RK119	2:152075233−182020726	6, 7	37
104	2	Upper_Right	RK135	8:124217126−136178634	4, 6	29
104	3	Lower_Left	RK135	14:31416617−39741028	4, 6	16
104	4	Lower_Right	RK141	6:63658682−134453042	5, 7	18
105	1	Upper_Left	RK152	8:43410563−143686658	6, 7	15
105	2	Upper_Right	RK166	13:96936658−104475344	5, 7	18
105	3	Lower_Left	RK169	14:73252280−85449372	6, 6	22
105	4	Lower_Right	RK171	8:33403096−52649600	5, 6	8
106	1	Upper_Left	RK176	5:99356960−113044705	5, 5	5
106	2	Upper_Right	RK178	1:191304671−213916961	4, 7	16
106	3	Lower_Left	RK191	4:9755982−47376821	5, 13	44
106	4	Lower_Right	RK195	1:5994422−74247978	4, 12	14
107	1	Upper_Left	RK195	6:1017490−56519171	5, 8	63
107	2	Upper_Right	RK200	1:157162614−246658065	5, 9	21
107	3	Lower_Left	RK201	8:40469509−138579299	6, 10	17
107	4	Lower_Right	RK207	11:33703119−70073261	4, 6	40
108	1	Upper_Left	RK214	17:5363418−21101598	6, 6	6
108	2	Upper_Right	RK216	11:94543805−123946518	6, 10	10
108	3	Lower_Left	RK217	6:2765669−66192793	4, 8	9
108	4	Lower_Right	RK232	17:20606173−77059952	6, 9	25
109	1	Upper_Left	RK256	17:27669465−62576041	6, 8	18
109	2	Upper_Right	RK256	19:28565715−32327841	5, 5	12
109	3	Lower_Left	RK275	12:86498848−132672926	6, 6	6
109	4	Lower_Right	RK280	12:69541748−115904220	5, 8	14
110	1	Upper_Left	RK282	12:1853016−122894996	4, 4	4
110	2	Upper_Right	RK297	9:9687693−31438879	6, 9	9
110	3	Lower_Left	0d66bf6c-eed0-4726-bd5b-3bf6d610b4e0	9:524316−133004751	6, 8	90
110	4	Lower_Right	0d66bf6c-eed0-4726-bd5b-3bf6d610b4e0	19:14859949−58216996	4, 5	64
111	1	Upper_Left	0df573ee-28f0-4244-b434-09e6ca59fbf0	8:56923598−143961644	4, 5	25
111	2	Upper_Right	0df573ee-28f0-4244-b434-09e6ca59fbf0	14:33787461−97407133	5, 10	36
111	3	Lower_Left	31c96e35-5e2f-429c-b12a-7bc5a497a300	2:141983404−237479460	4, 8	34
111	4	Lower_Right	31c96e35-5e2f-429c-b12a-7bc5a497a300	18:18573755−77402934	5, 9	15
112	1	Upper_Left	35cb7841-9b09-465a-90c5-e3b8a9faad49	5:78381−54831894	5, 10	109
112	2	Upper_Right	61c655ec-52b5-453f-a6cc-b2aba445b027	8:78610917−146172492	5, 7	30
112	3	Lower_Left	6dfd47d2-831a-4386-9051-f78199a16bb5	21:15568990−47382700	5, 7	23
112	4	Lower_Right	762dea8a-5b41-4058-979a-b7876ed13d7e	15:60153021−74051084	5, 6	14
113	1	Upper_Left	97831d28-ab41-4c18-bfc2-c4c6bc757d13	8:19746812−144761257	5, 8	79
113	2	Upper_Right	97831d28-ab41-4c18-bfc2-c4c6bc757d13	17:18917497−78501499	4, 9	46
113	3	Lower_Left	9b132e4f-7e35-4cc5-8711-43ad62b906d0	1:194754133−247990684	5, 9	79
113	4	Lower_Right	9b132e4f-7e35-4cc5-8711-43ad62b906d0	7:27678717−58038295	5, 5	14
114	1	Upper_Left	9b132e4f-7e35-4cc5-8711-43ad62b906d0	13:28780200−112141515	6, 7	31
114	2	Upper_Right	9b132e4f-7e35-4cc5-8711-43ad62b906d0	18:26992235−64244136	4, 6	6
114	3	Lower_Left	9b132e4f-7e35-4cc5-8711-43ad62b906d0	19:13858390−58445196	4, 7	22
114	4	Lower_Right	a8d6694c-a213-4544-ac0b-63bce16d8f4e	1:20472132−114994801	5, 5	8
115	1	Upper_Left	bf15f7ad-9d92-473b-91d1-f24aa373ab97	7:147214684−153396315	5, 7	19
115	2	Upper_Right	bf15f7ad-9d92-473b-91d1-f24aa373ab97	14:23868021−40684899	4, 8	54
115	3	Lower_Left	cc4bd56a-25c5-4c48-b583-ac3aeb778ca6	7:83811028−152303288	5, 15	27
115	4	Lower_Right	cc4bd56a-25c5-4c48-b583-ac3aeb778ca6	19:28395079−36324916	5, 6	11
116	1	Upper_Left	cd0dc947-b708-464e-beb7-954c9d4583e7	8:898539−112976203	4, 8	49
116	2	Upper_Right	d5326429-9805-47f9-97b0-fbda658e3f01	6:39244076−50016258	5, 5	14
116	3	Lower_Left	d5326429-9805-47f9-97b0-fbda658e3f01	12:49376535−90124478	5, 20	41
116	4	Lower_Right	d5326429-9805-47f9-97b0-fbda658e3f01	13:33846175−41641608	4, 5	13
117	1	Upper_Left	dbd5b0de-94c9-45dd-afb3-6820a7ecaca2	17:9065515−76403933	6, 6	6
117	2	Upper_Right	f063ddbb-1668-40df-9ec2-b0a23ca2c389	12:60485092−69941157	4, 14	20
117	3	Lower_Left	037c57d1-b4a5-45dc-bda4-0550461d321b	15:74425114−99150104	5, 5	9
117	4	Lower_Right	0398eae1-7216-4595-80a5-6b117d96e070	9:15996503−22530833	5, 10	10
118	1	Upper_Left	0398eae1-7216-4595-80a5-6b117d96e070	18:1190790−67995083	6, 7	46
118	2	Upper_Right	0398eae1-7216-4595-80a5-6b117d96e070	21:14366223−44334417	6, 10	20
118	3	Lower_Left	1ee543d5-b8c0-4f79-8373-6bb6319f2ee2	8:127118996−135131269	4, 5	23
118	4	Lower_Right	1f11de87-a5fe-49fd-80c1-e279b2bc69de	3:143326907−193269619	5, 5	53
119	1	Upper_Left	1f6b2aca-7357-40d1-ba7a-99227d9900a2	3:77709025−174601176	5, 9	49
119	2	Upper_Right	1f6b2aca-7357-40d1-ba7a-99227d9900a2	11:46508302−111537992	5, 8	129
119	3	Lower_Left	1f6b2aca-7357-40d1-ba7a-99227d9900a2	12:4696888−43872965	4, 5	14
119	4	Lower_Right	1f6b2aca-7357-40d1-ba7a-99227d9900a2	21:14740825−17506648	5, 6	12
120	1	Upper_Left	3666bc65-8e40-409e-9a1f-41583dd6d978	3:121469766−183835935	4, 4	28
120	2	Upper_Right	3666bc65-8e40-409e-9a1f-41583dd6d978	7:8021176−96585488	4, 5	38
120	3	Lower_Left	376dfd27-68e8-4a1a-9c4f-5064279b2a9e	3:84207634−196397331	5, 5	76
120	4	Lower_Right	376dfd27-68e8-4a1a-9c4f-5064279b2a9e	14:29694281−42596449	4, 5	9
121	1	Upper_Left	376dfd27-68e8-4a1a-9c4f-5064279b2a9e	X:714035−155073186	4, 6	6
121	2	Upper_Right	395babb3-3f5d-4e71-a675-af4443f23028	1:71829305−246323132	6, 11	38
121	3	Lower_Left	43abe847-4ba7-466e-8283-5d7b80b999a7	8:30016639−108126673	5, 7	82
121	4	Lower_Right	43abe847-4ba7-466e-8283-5d7b80b999a7	10:44557512−95329436	4, 8	34
122	1	Upper_Left	4ca13c92-84b4-4edf-842a-b20b7e713415	2:54467990−78652935	5, 6	16
122	2	Upper_Right	585e6487-b0a3-4828-8a06-46bee01dff74	X:1585455−33684999	4, 5	41
122	3	Lower_Left	6fd72426-f6c8-47ca-a500-d5d3600b9b15	3:181546045−189173080	4, 8	18
122	4	Lower_Right	6fd72426-f6c8-47ca-a500-d5d3600b9b15	17:18108890−41996624	6, 12	33
123	1	Upper_Left	7d905f8f-3967-4ea8-96c8-17b1b03fbec3	5:1687513−37366455	4, 4	15
123	2	Upper_Right	9293e197-e38a-4e19-a7d0-1b45d1ad48bd	4:43364661−73902886	4, 5	18
123	3	Lower_Left	9293e197-e38a-4e19-a7d0-1b45d1ad48bd	7:67945786−122441992	6, 12	15
123	4	Lower_Right	9af6ed4e-8cdc-4f49-84e9-ba1053b5b3ca	1:76535798−99663065	5, 5	41
124	1	Upper_Left	9af6ed4e-8cdc-4f49-84e9-ba1053b5b3ca	5:30463771−37215413	4, 8	10
124	2	Upper_Right	aecf85cc-058c-46f3-9cdc-3573ac3b8438	19:9018583−18930769	5, 8	19
124	3	Lower_Left	c2598334-f866-4cc3-93ec-2d2e8b85d319	3:141119758−191946026	5, 21	61
124	4	Lower_Right	c2598334-f866-4cc3-93ec-2d2e8b85d319	16:81457961−89793192	5, 7	8
125	1	Upper_Left	ce8612ab-3149-4a6a-b424-29c0c21c9b8b	3:145882159−191906843	5, 14	88
125	2	Upper_Right	e6b72c24-1607-43b9-8b8a-7bf83eea5895	6:62569792−169514744	4, 8	78
125	3	Lower_Left	a8e2df1e-4042-42af-9231-3a00e83489f0	1:52105012−170864080	5, 5	5
125	4	Lower_Right	a8e2df1e-4042-42af-9231-3a00e83489f0	2:60753889−124345172	4, 5	34
126	1	Upper_Left	f0a326d2-1f3e-4a5d-bca8-32aaccc52338	9:8189397−96357054	6, 12	49
126	2	Upper_Right	4101316	3:81591651−155801731	5, 11	64
126	3	Lower_Left	4111337	11:114660441−124818719	4, 5	27
126	4	Lower_Right	4115001	17:35776511−77685244	4, 8	15
127	1	Upper_Left	4120193	9:2435903−130371802	5, 7	64
127	2	Upper_Right	4120193	19:11710100−28359979	4, 8	8
127	3	Lower_Left	4133511	13:64436002−110393802	5, 10	19
127	4	Lower_Right	4135099	1:1563247−89014486	5, 13	28
128	1	Upper_Left	4139696	4:172175721−178144474	6, 6	6
128	2	Upper_Right	4147081	6:97247266−142316157	6, 11	11
128	3	Lower_Left	4157186	2:36073033−243043088	5, 10	10
128	4	Lower_Right	4157186	4:69602537−108006799	4, 4	4
129	1	Upper_Left	4158726	9:20938863−81861602	6, 11	11
129	2	Upper_Right	4160100	19:945638−56277099	4, 5	24
129	3	Lower_Left	AOCS-060	8:34955549−139173410	4, 6	36
129	4	Lower_Right	AOCS-061	19:29415891−40712326	4, 5	34
130	1	Upper_Left	AOCS-080	19:15866356−45529483	4, 8	30
130	2	Upper_Right	AOCS-083	19:3716326−58806899	4, 6	75
130	3	Lower_Left	AOCS-084	8:124079382−137843454	5, 7	32
130	4	Lower_Right	AOCS-090	19:36827818−51385886	5, 9	34
131	1	Upper_Left	AOCS-096	17:6837884−79840758	6, 9	22
131	2	Upper_Right	AOCS-096	19:12910667−55473944	5, 9	43
131	3	Lower_Left	AOCS-097	1:15828920−34169833	6, 6	6
131	4	Lower_Right	AOCS-111	19:28894477−56155202	5, 10	54
132	1	Upper_Left	AOCS-120	17:3078252−65644573	5, 11	17
132	2	Upper_Right	AOCS-120	20:24772924−44101646	4, 7	37
132	3	Lower_Left	AOCS-128	1:3190607−179536707	6, 13	64
132	4	Lower_Right	AOCS-142	6:73883485−159307243	4, 6	30
133	1	Upper_Left	AOCS-142	8:35024834−35538986	4, 11	17
133	2	Upper_Right	AOCS-142	10:2950088−32730004	4, 5	96
133	3	Lower_Left	AOCS-155	15:20012055−76793985	5, 7	14
133	4	Lower_Right	AOCS-159	11:8857856−44579253	6, 11	55
134	1	Upper_Left	AOCS-159	18:132344−49228552	5, 14	69
134	2	Upper_Right	AOCS-162	8:84960470−142202378	4, 6	45
134	3	Lower_Left	AOCS-163	13:55650980−65277402	4, 9	13
134	4	Lower_Right	098acb76-0bf5-44e5-bcae-f919cf5fa5e5	13:24753200−112130103	6, 12	36
135	1	Upper_Left	15556b28-c6bd-455a-87b6-4b7b3e33d0e4	12:280423−20208244	4, 4	29
135	2	Upper_Right	21f6bf91-dfc6-4a59-8b76-88a0f95c7b47	5:12399998−45103030	6, 6	64
135	3	Lower_Left	21f6bf91-dfc6-4a59-8b76-88a0f95c7b47	19:30340862−58891648	5, 6	68
135	4	Lower_Right	58d34254-4f5b-40a4-9e9f-7160062fb2a4	12:17804209−25436246	4, 4	15
136	1	Upper_Left	5c127332-5ca0-45f1-a5ac-4876ad94e491	1:19995601−44453593	5, 8	44
136	2	Upper_Right	5c127332-5ca0-45f1-a5ac-4876ad94e491	12:44542331−85299341	4, 5	44
136	3	Lower_Left	62379be5-13f0-474b-94d3-6f944ec4ee96	3:79636893−115666941	5, 7	57
136	4	Lower_Right	6d10d4ee-6331-4bba-93bc-a7b64cc0b22a	6:1989523−147659776	6, 6	28
137	1	Upper_Left	90f4b65c-cfd4-4066-a5b9-842885c172e2	19:14465820−33816769	5, 6	18
137	2	Upper_Right	90f4b65c-cfd4-4066-a5b9-842885c172e2	20:85330−26233761	5, 9	72
137	3	Lower_Left	ee0a4a13-613e-4c5d-96c3-8083a013702d	11:70316616−123074109	6, 15	15
137	4	Lower_Right	ff530f28-0ec0-4494-bb54-44bb055bae1c	3:96961383−117251520	4, 6	23
138	1	Upper_Left	ff530f28-0ec0-4494-bb54-44bb055bae1c	8:41830249−134064686	6, 6	36
138	2	Upper_Right	ICGC_0006	4:119147689−190577193	6, 8	14
138	3	Lower_Left	ICGC_0006	11:3857736−45323041	4, 5	49
138	4	Lower_Right	ICGC_0009	10:80347920−132334500	5, 6	31
139	1	Upper_Left	ICGC_0021	18:394262−19382550	5, 8	42
139	2	Upper_Right	ICGC_0025	7:93519827−153063819	4, 5	7
139	3	Lower_Left	ICGC_0026	X:30577518−57551527	4, 8	22
139	4	Lower_Right	ICGC_0037	13:22638525−90523945	6, 13	13
140	1	Upper_Left	ICGC_0059	3:78038205−190530121	5, 5	44
140	2	Upper_Right	ICGC_0066	15:23941952−39581480	4, 7	17
140	3	Lower_Left	ICGC_0069	15:62553528−96290031	6, 8	26
140	4	Lower_Right	ICGC_0087	7:17124522−62387137	5, 12	15
141	1	Upper_Left	ICGC_0087	18:18629528−22549984	5, 5	12
141	2	Upper_Right	ICGC_0103	13:20741975−20956570	6, 7	8
141	3	Lower_Left	ICGC_0108	19:793019−40693235	4, 4	34
141	4	Lower_Right	ICGC_0114	6:92940256−139746601	6, 14	66
142	1	Upper_Left	ICGC_0115	16:3802028−23118217	4, 5	26
142	2	Upper_Right	ICGC_0149	8:39662139−131797224	6, 7	59
142	3	Lower_Left	ICGC_0150	19:14991068−24021988	5, 10	17
142	4	Lower_Right	ICGC_0207	7:121034912−151110416	6, 6	6
143	1	Upper_Left	ICGC_0224	14:61112011−65419128	5, 9	9
143	2	Upper_Right	ICGC_0296	18:350045−21877313	5, 11	15
143	3	Lower_Left	ICGC_0300	13:27875998−52774140	5, 5	12
143	4	Lower_Right	ICGC_0301	18:25572442−75675714	4, 4	18
144	1	Upper_Left	ICGC_0303	2:10700671−144337304	4, 6	18
144	2	Upper_Right	ICGC_0304	18:1490133−31586695	5, 5	17
144	3	Lower_Left	ICGC_0393	22:18789020−50349275	5, 7	51
144	4	Lower_Right	ICGC_0395	7:86041901−153362571	5, 5	24
145	1	Upper_Left	ICGC_0502	5:23468779−45905623	5, 5	5
145	2	Upper_Right	ICGC_0521	4:131685289−183295953	5, 16	16
145	3	Lower_Left	ICGC_0522	1:35264067−46448813	4, 6	13
145	4	Lower_Right	ICGC_0526	6:11005830−53074096	4, 6	28
146	1	Upper_Left	ICGC_0535	10:89522467−110477428	5, 8	8
146	2	Upper_Right	ICGC_0535	18:896558−21110916	4, 7	18
146	3	Lower_Left	ICGC_0535	X:141345603−144825631	5, 7	7
146	4	Lower_Right	ICGC_0543	9:187480−137300565	6, 10	32
147	1	Upper_Left	ICGC_0543	20:15750921−60842706	6, 7	19
147	2	Upper_Right	PCSI_0001	18:18631561−76740272	4, 5	32
147	3	Lower_Left	PCSI_0015	4:10893126−58422207	5, 7	29
147	4	Lower_Right	PCSI_0044	6:2763282−35849850	5, 8	18
148	1	Upper_Left	PCSI_0044	12:46852610−65968411	5, 8	22
148	2	Upper_Right	PCSI_0044	18:42542834−54212829	6, 10	30
148	3	Lower_Left	PCSI_0077	9:32610603−37173324	5, 6	19
148	4	Lower_Right	PCSI_0077	18:6803844−24203012	5, 6	18
149	1	Upper_Left	PCSI_0078	18:49556708−77332270	4, 7	15
149	2	Upper_Right	PCSI_0081	5:145519578−179491764	4, 5	8
149	3	Lower_Left	PCSI_0081	20:5377429−36576271	5, 13	31
149	4	Lower_Right	PCSI_0082	12:10809610−87566605	4, 6	19
150	1	Upper_Left	PCSI_0082	18:1716536−32009794	5, 13	36
150	2	Upper_Right	PCSI_0086	18:1082109−77329138	5, 7	7
150	3	Lower_Left	PCSI_0101	22:17987673−43447488	4, 7	30
150	4	Lower_Right	PCSI_0105	3:33556195−40791777	4, 16	18
151	1	Upper_Left	PCSI_0105	13:34326449−109417492	5, 5	34
151	2	Upper_Right	PCSI_0111	6:104571922−165438064	6, 11	37
151	3	Lower_Left	PCSI_0145	3:76628774−82950282	5, 8	23
151	4	Lower_Right	PCSI_0145	8:19058905−142399781	4, 9	41
152	1	Upper_Left	PCSI_0145	18:3500844−76201208	6, 13	28
152	2	Upper_Right	PCSI_0145	19:8923906−46548614	4, 6	41
152	3	Lower_Left	PCSI_0162	16:33791525−89932613	4, 7	23
152	4	Lower_Right	PCSI_0173	5:9311584−45281354	5, 9	21
153	1	Upper_Left	PCSI_0173	18:10487843−54651877	6, 7	22
153	2	Upper_Right	PCSI_0208	17:27512548−52837653	6, 6	17
153	3	Lower_Left	PCSI_0210	3:161515687−194895663	4, 8	35
153	4	Lower_Right	PCSI_0210	8:33791127−43503910	4, 6	30
154	1	Upper_Left	PCSI_0230	18:29885709−75219927	5, 13	20
154	2	Upper_Right	PCSI_0233	8:32367518−100716200	6, 15	19
154	3	Lower_Left	PCSI_0240	21:23137397−41798616	6, 10	18
154	4	Lower_Right	PCSI_0261	2:143484174−151012579	4, 8	10
155	1	Upper_Left	PCSI_0261	5:55427909−147893239	4, 13	19
155	2	Upper_Right	PCSI_0261	8:47403900−133181064	4, 11	18
155	3	Lower_Left	PCSI_0268	1:1109651−22405832	4, 5	34
155	4	Lower_Right	PCSI_0279	22:18521810−51136116	6, 8	16
156	1	Upper_Left	PCSI_0281	5:75405316−169709323	4, 5	8
156	2	Upper_Right	PCSI_0281	18:18569763−26413726	4, 6	22
156	3	Lower_Left	PCSI_0284	8:25945162−132424548	4, 7	68
156	4	Lower_Right	PCSI_0285	17:57949419−61791871	4, 8	50
157	1	Upper_Left	PCSI_0287	11:31044158−45136475	5, 5	5
157	2	Upper_Right	PCSI_0290	8:42316395−146260778	4, 9	14
157	3	Lower_Left	PCSI_0290	18:1700778−25341902	5, 10	56
157	4	Lower_Right	PCSI_0300	7:139885932−159081404	6, 13	46
158	1	Upper_Left	PCSI_0300	12:24383751−68089214	6, 7	72
158	2	Upper_Right	PCSI_0324	8:78094013−140299410	6, 6	6
158	3	Lower_Left	PCSI_0325	3:85734262−174611972	6, 6	85
158	4	Lower_Right	PCSI_0337	9:16003998−24326188	6, 7	20
159	1	Upper_Left	PCSI_0337	19:11827395−17911949	4, 5	8
159	2	Upper_Right	PCSI_0340	2:3167627−206554663	5, 7	38
159	3	Lower_Left	PCSI_0345	19:21513068−58739452	6, 8	17
159	4	Lower_Right	PCSI_0347	1:73507136−231782377	6, 9	26
160	1	Upper_Left	PCSI_0352	6:40037807−56846580	6, 12	29
160	2	Upper_Right	PCSI_0353	6:31811163−53484589	5, 17	17
160	3	Lower_Left	PCSI_0353	14:20259866−102375473	5, 9	58
160	4	Lower_Right	PCSI_0356	12:31165322−84134078	5, 9	22
161	1	Upper_Left	PCSI_0356	18:1947225−25427315	6, 6	26
161	2	Upper_Right	PCSI_0392	6:8838119−69082829	5, 6	57
161	3	Lower_Left	PCSI_0392	8:95993359−135574872	6, 17	37
161	4	Lower_Right	PCSI_0392	18:20260488−25314382	4, 7	15
162	1	Upper_Left	PCSI_0450	19:34867315−47884220	4, 6	37
162	2	Upper_Right	PCSI_0450	X:9534069−137725602	6, 6	6
162	3	Lower_Left	PCSI_0453	17:26321720−77389422	6, 25	25
162	4	Lower_Right	PCSI_0456	18:52279996−66883860	6, 11	21
163	1	Upper_Left	PCSI_0468	9:5835505−36865594	5, 12	12
163	2	Upper_Right	PCSI_0472	3:13788797−189021715	5, 9	20
163	3	Lower_Left	PCSI_0528	17:63528018−67790466	4, 7	14
163	4	Lower_Right	PCSI_0531	18:9032446−50330464	6, 8	17
164	1	Upper_Left	PCSI_0572	1:107128798−114787742	5, 5	5
164	2	Upper_Right	ITNET-0134	8:80326174−145581514	4, 4	4
164	3	Lower_Left	ITNET-1047	9:29933578−36500038	4, 7	18
164	4	Lower_Right	ITNET-1047	11:48710192−61425002	6, 10	10
165	1	Upper_Left	EOPC-022	2:25811734−39390809	4, 4	4
165	2	Upper_Right	EOPC-030	12:9146108−106049040	5, 12	12
165	3	Lower_Left	EOPC-030	13:22615390−105145326	6, 11	11
165	4	Lower_Right	EOPC-041	2:20591505−103430435	5, 9	25
166	1	Upper_Left	EOPC-041	8:14804569−76501181	4, 9	33
166	2	Upper_Right	EOPC-041	19:42614927−44488345	6, 9	15
166	3	Lower_Left	EOPC-049	10:129911442−133833453	4, 4	4
166	4	Lower_Right	CPCG0047	21:39834144−44199722	5, 5	5
167	1	Upper_Left	CPCG0094	1:8589683−155821955	5, 8	10
167	2	Upper_Right	CPCG0099	7:48017345−154624761	6, 21	46
167	3	Lower_Left	CPCG0123	4:40113263−89954086	5, 5	5
167	4	Lower_Right	CPCG0124	8:5872316−42557666	4, 7	14
168	1	Upper_Left	CPCG0166	10:89626569−95441303	5, 5	5
168	2	Upper_Right	CPCG0189	11:78278095−82964421	5, 5	5
168	3	Lower_Left	CPCG0191	10:6994207−108361744	4, 9	14
168	4	Lower_Right	CPCG0196	2:71553010−204756130	5, 5	5
169	1	Upper_Left	CPCG0206	11:45858528−97193270	4, 7	12
169	2	Upper_Right	CPCG0236	20:30850339−33795463	5, 5	10
169	3	Lower_Left	CPCG0242	9:82867617−108956321	4, 4	23
169	4	Lower_Right	CPCG0249	12:40224539−88916203	6, 6	11
170	1	Upper_Left	CPCG0251	3:9531696−111833851	5, 6	6
170	2	Upper_Right	CPCG0263	3:51760828−135855244	5, 7	17
170	3	Lower_Left	CPCG0268	6:66095219−128649048	5, 5	5
170	4	Lower_Right	CPCG0342	2:61542346−65123885	6, 6	6
171	1	Upper_Left	CPCG0357	1:234433222−235613195	4, 8	13
171	2	Upper_Right	CPCG0357	11:33186637−34681926	4, 5	7
171	3	Lower_Left	CPCG0379	17:45491837−70847983	6, 9	9
171	4	Lower_Right	0091_CRUK_PC_0091	18:8673012−67370977	5, 7	8
172	1	Upper_Left	A21-0096_CRUK_PC_0096	X:32559602−90575521	5, 7	24
172	2	Upper_Right	A22-0016_CRUK_PC_0016	4:25070963−26242242	6, 13	13
172	3	Lower_Left	A22-0016_CRUK_PC_0016	6:12626345−160987932	5, 7	24
172	4	Lower_Right	A29-0017_CRUK_PC_0017	8:55705727−120347671	4, 5	17
173	1	Upper_Left	A29-0017_CRUK_PC_0017	17:7580636−45324930	4, 5	8
173	2	Upper_Right	A32-0019_CRUK_PC_0019	2:171308068−191866282	5, 7	14
173	3	Lower_Left	A32-0019_CRUK_PC_0019	3:32985863−156750377	5, 12	12
173	4	Lower_Right	A34-0022_CRUK_PC_0022	13:75922651−79259286	6, 6	6
174	1	Upper_Left	c039014f-821c-43d6-9d3c-914f9c8d98fa	6:57910476−98537020	5, 9	9
174	2	Upper_Right	c039014f-821c-43d6-9d3c-914f9c8d98fa	11:29320290−106781287	6, 9	20
174	3	Lower_Left	f6381367-142c-45d0-92b3-c1727d1813ce	10:59938517−98135181	5, 5	5
174	4	Lower_Right	MELA-0001	8:54422125−99862970	4, 7	57
175	1	Upper_Left	MELA-0002	22:17741148−36618400	6, 8	13
175	2	Upper_Right	MELA-0003	1:15885881−58152236	6, 6	160
175	3	Lower_Left	MELA-0005	6:8393693−111434013	6, 7	53
175	4	Lower_Right	MELA-0005	11:78619623−104782805	4, 5	60
176	1	Upper_Left	MELA-0007	22:24125398−51210651	6, 9	150
176	2	Upper_Right	MELA-0008	11:77104049−134650672	5, 10	15
176	3	Lower_Left	MELA-0009	3:19250926−195326589	5, 12	53
176	4	Lower_Right	MELA-0009	11:41485920−112489309	5, 8	69
177	1	Upper_Left	MELA-0012	9:4860008−31734961	6, 21	34
177	2	Upper_Right	MELA-0012	10:34937946−111551297	5, 11	21
177	3	Lower_Left	MELA-0012	11:60665556−76908360	5, 9	96
177	4	Lower_Right	MELA-0015	19:29765034−58719123	4, 5	31
178	1	Upper_Left	MELA-0043	20:924675−9380462	4, 7	22
178	2	Upper_Right	MELA-0048	5:1054293−127185143	6, 7	161
178	3	Lower_Left	MELA-0050	11:51487991−83958719	6, 6	52
178	4	Lower_Right	MELA-0060	11:2569509−63788627	5, 11	31
179	1	Upper_Left	MELA-0064	5:75710−38913517	5, 8	105
179	2	Upper_Right	MELA-0064	7:67546621−151505707	4, 7	29
179	3	Lower_Left	MELA-0064	11:51188282−94965346	4, 7	94
179	4	Lower_Right	MELA-0066	1:160797429−216909159	5, 11	17
180	1	Upper_Left	MELA-0069	2:13198317−216809264	5, 8	51
180	2	Upper_Right	MELA-0069	6:3865883−64390630	6, 7	106
180	3	Lower_Left	MELA-0069	11:66817953−80753867	4, 7	122
180	4	Lower_Right	MELA-0070	3:107828103−110133076	5, 7	13
181	1	Upper_Left	MELA-0070	11:69251922−83096232	4, 7	92
181	2	Upper_Right	MELA-0160	5:376141−17139643	5, 10	13
181	3	Lower_Left	MELA-0167	7:29323351−150218313	6, 10	47
181	4	Lower_Right	MELA-0167	9:18954759−39157408	4, 8	8
182	1	Upper_Left	MELA-0168	6:67475142−169821533	6, 6	6
182	2	Upper_Right	MELA-0168	22:17962914−29759005	6, 11	15
182	3	Lower_Left	MELA-0173	15:49713725−96355825	6, 8	31
182	4	Lower_Right	MELA-0187	6:64985024−128497164	6, 14	24
183	1	Upper_Left	MELA-0187	11:54893769−126272083	6, 12	179
183	2	Upper_Right	MELA-0192	X:62938682−74484110	5, 5	11
183	3	Lower_Left	MELA-0193	12:30161467−133173511	5, 6	31
183	4	Lower_Right	MELA-0196	2:38033476−88438303	6, 12	84
184	1	Upper_Left	MELA-0202	7:6051022−155559216	5, 9	44
184	2	Upper_Right	MELA-0205	9:11612380−31055136	5, 8	28
184	3	Lower_Left	MELA-0213	22:19600873−50879547	5, 6	10
184	4	Lower_Right	MELA-0223	20:264096−23474579	4, 4	24
185	1	Upper_Left	MELA-0226	11:2979632−83289483	6, 11	11
185	2	Upper_Right	MELA-0226	14:76917881−90636670	5, 8	8
185	3	Lower_Left	MELA-0231	4:58934408−183626934	5, 10	47
185	4	Lower_Right	MELA-0231	7:712296−54531288	5, 26	37
186	1	Upper_Left	MELA-0231	8:9543398−106192556	6, 8	61
186	2	Upper_Right	MELA-0231	14:27456610−34055768	5, 5	16
186	3	Lower_Left	MELA-0231	16:76956420−89223828	5, 9	18
186	4	Lower_Right	MELA-0231	18:58999177−77021615	6, 10	39
187	1	Upper_Left	MELA-0256	X:119143192−141952863	4, 10	10
187	2	Upper_Right	1404791b-86bf-4dfd-85b4-c8ff356f109c	7:306183−65693059	6, 10	89
187	3	Lower_Left	1404791b-86bf-4dfd-85b4-c8ff356f109c	22:29353674−50585362	5, 8	73
187	4	Lower_Right	238111f9-a08b-49b4-9035-cc43026330e7	10:881509−38175147	6, 11	30
188	1	Upper_Left	296f44f9-3ecb-4b40-ae51-c3a06e3fbe00	6:4799433−14498344	4, 8	57
188	2	Upper_Right	296f44f9-3ecb-4b40-ae51-c3a06e3fbe00	12:68553802−74066796	5, 5	24
188	3	Lower_Left	3fea3f02-2db3-44e0-984e-c61130d92c9b	7:90201391−158391119	4, 11	45
188	4	Lower_Right	3fea3f02-2db3-44e0-984e-c61130d92c9b	20:31479759−60071503	6, 16	18
189	1	Upper_Left	5f6df69c-4ebf-4811-8b28-ad393dfbe1a3	3:81208042−140376909	6, 6	6
189	2	Upper_Right	76cc1d42-acec-46b3-9663-5e4de2550353	11:49654668−56498706	5, 7	7
189	3	Lower_Left	7b92fcd4-f9be-4b97-94a2-b2e8348aeaba	1:57268038−116153671	6, 18	46
189	4	Lower_Right	7ce09a09-074e-4f38-bed7-98ab34347fbe	3:120763840−170508368	5, 5	19
190	1	Upper_Left	8c54fcfd-999f-43c5-b31f-26d006f5fff3	8:27003357−144300868	6, 11	41
190	2	Upper_Right	b85b14d7-3b5a-4800-af12-622ec03b9fe5	8:50126618−55588669	4, 5	23
190	3	Lower_Left	b85b14d7-3b5a-4800-af12-622ec03b9fe5	11:68369991−101011602	6, 6	63
190	4	Lower_Right	b85b14d7-3b5a-4800-af12-622ec03b9fe5	15:47687942−55499374	4, 5	28
191	1	Upper_Left	d8eac750-9daf-4465-b672-9e31fd369057	7:92899327−128870216	4, 9	12
191	2	Upper_Right	12bfd446-2ee5-4664-a492-c023d134f60f	10:11662562−50056640	5, 5	12
191	3	Lower_Left	12bfd446-2ee5-4664-a492-c023d134f60f	11:39261849−50164804	4, 4	4
191	4	Lower_Right	7f9031da-124a-4a38-83e6-878a50e58c24	3:94022172−188180159	5, 9	9
192	1	Upper_Left	9c9b53e5-cdbe-4510-a839-4a3b5039681b	18:25133083−67867958	6, 8	32
192	2	Upper_Right	c20682a1-f340-430d-99f9-077fe093ed19	3:138369667−192817448	5, 7	34
192	3	Lower_Left	2905cbd1-719b-46d9-b8af-8fe4927bc473	2:103504725−236615450	6, 12	82
192	4	Lower_Right	2905cbd1-719b-46d9-b8af-8fe4927bc473	5:893523−179304807	5, 15	189
193	1	Upper_Left	2905cbd1-719b-46d9-b8af-8fe4927bc473	6:47184887−51731046	4, 5	42
193	2	Upper_Right	2905cbd1-719b-46d9-b8af-8fe4927bc473	7:159034−86160841	5, 8	250
193	3	Lower_Left	2905cbd1-719b-46d9-b8af-8fe4927bc473	19:10607945−56113176	5, 7	73
193	4	Lower_Right	2905cbd1-719b-46d9-b8af-8fe4927bc473	X:1766391−152187954	5, 8	145
194	1	Upper_Left	2cacd9d0-8414-4f17-8259-c9d838597f39	4:7659968−47714738	5, 7	164
194	2	Upper_Right	3505f91d-bc66-4732-84b6-18c5b32ca6b8	13:20111633−31209010	6, 9	35
194	3	Lower_Left	3608bfbb-2a92-4ec2-a330-bf4790a8b65c	1:145028117−172009311	5, 8	67
194	4	Lower_Right	3608bfbb-2a92-4ec2-a330-bf4790a8b65c	7:65666837−150670275	5, 11	39
195	1	Upper_Left	3608bfbb-2a92-4ec2-a330-bf4790a8b65c	X:16247627−46643679	5, 5	85
195	2	Upper_Right	39f68467-3d37-4b19-aa43-ed7b120c619d	3:4159559−20777597	5, 7	61
195	3	Lower_Left	39f68467-3d37-4b19-aa43-ed7b120c619d	4:127090720−151907883	6, 15	60
195	4	Lower_Right	39f68467-3d37-4b19-aa43-ed7b120c619d	5:492905−14929135	4, 6	43
196	1	Upper_Left	39f68467-3d37-4b19-aa43-ed7b120c619d	6:29105248−126918492	4, 11	64
196	2	Upper_Right	39f68467-3d37-4b19-aa43-ed7b120c619d	20:33082736−57423558	6, 8	48
196	3	Lower_Left	6b189eff-b919-49d6-8775-dbf32c9ccbba	1:52359894−60254337	4, 4	33
196	4	Lower_Right	6b189eff-b919-49d6-8775-dbf32c9ccbba	14:95901595−105399403	5, 6	34
197	1	Upper_Left	6b189eff-b919-49d6-8775-dbf32c9ccbba	15:22563932−54759738	4, 10	26
197	2	Upper_Right	73d2e8ef-4e10-416a-845b-f48374e48ecb	17:38121352−80696808	6, 11	51
197	3	Lower_Left	8f3f6f7c-4b50-467e-a6e8-d836735913f6	1:1201892−21330306	5, 7	9
197	4	Lower_Right	8f3f6f7c-4b50-467e-a6e8-d836735913f6	3:190977465−197689209	4, 7	23
198	1	Upper_Left	8f3f6f7c-4b50-467e-a6e8-d836735913f6	17:5483205−17481065	4, 7	11
198	2	Upper_Right	8f3f6f7c-4b50-467e-a6e8-d836735913f6	18:43622824−72635271	5, 8	8
198	3	Lower_Left	9517413b-b5b8-4130-8ba1-d86d44abe2ec	5:274679−32089188	5, 5	50
198	4	Lower_Right	9517413b-b5b8-4130-8ba1-d86d44abe2ec	18:20983183−30290774	4, 6	30
199	1	Upper_Left	b5f27002-4277-418d-90b0-cc5a2742692e	3:16208743−73683673	6, 11	13
199	2	Upper_Right	b5f27002-4277-418d-90b0-cc5a2742692e	13:65093605−113188518	5, 6	41
199	3	Lower_Left	cd73a55f-03c1-4da0-9fa7-1ae4a263664e	15:22370209−52646685	4, 10	21
199	4	Lower_Right	e7a72f7e-77b1-4d95-8f37-39a6cffc35dc	19:29150130−38233328	4, 7	35
200	1	Upper_Left	e7a72f7e-77b1-4d95-8f37-39a6cffc35dc	22:16915315−49000417	4, 5	35
200	2	Upper_Right	CGP_donor_GC00002	17:38202359−40046302	5, 6	54
200	3	Lower_Left	CGP_donor_GC00002	19:7239458−34549451	6, 6	42
200	4	Lower_Right	CGP_donor_GC00008	5:35107612−41952066	5, 9	48
201	1	Upper_Left	CGP_donor_GC00008	19:13824051−29025405	5, 12	12
201	2	Upper_Right	CGP_donor_GC00013	2:223705573−228623701	4, 6	52
201	3	Lower_Left	CGP_donor_GC00018	11:104455729−127800985	5, 10	16
201	4	Lower_Right	CGP_donor_GC00019	17:34964923−73655919	4, 7	22
202	1	Upper_Left	CGP_donor_GC00020	8:99969120−137759332	4, 7	41
202	2	Upper_Right	CGP_donor_GC00020	11:69004148−111983118	4, 5	40
202	3	Lower_Left	CGP_donor_GC00033	3:98369145−186328430	5, 14	28
202	4	Lower_Right	CGP_donor_GC00037	12:20006408−108461993	5, 8	13
203	1	Upper_Left	CGP_donor_GC00046	10:62613110−77504895	5, 11	11
203	2	Upper_Right	CGP_donor_GC00047	5:6115950−152429287	6, 10	19
203	3	Lower_Left	CGP_donor_GC00047	8:65287254−138950505	4, 9	24
203	4	Lower_Right	CGP_donor_GC00052	7:42989699−154627590	6, 6	62
204	1	Upper_Left	CGP_donor_GC00052	21:15959382−46300731	5, 7	7
204	2	Upper_Right	CGP_donor_GC00053	13:39597021−104940825	5, 10	23
204	3	Lower_Left	CGP_donor_GC00053	18:1608546−71962999	6, 10	66
204	4	Lower_Right	0aecac64-5982-4d76-8f31-958f6a00951d	12:24064615−98708265	4, 4	66
205	1	Upper_Left	0b4e8d73-459d-4930-9d1a-abb8d53e1844	2:101189993−207792558	5, 7	19
205	2	Upper_Right	1ca3c5e0-32b0-4467-8ec0-ca212e35d2b3	6:30271712−157786893	5, 12	48
205	3	Lower_Left	283776cd-32e8-4a79-bed1-1411c9d3a9e0	9:1273053−106799638	4, 8	63
205	4	Lower_Right	2d291fa3-f0fd-4bc1-91a6-783863714190	2:744061−80962231	5, 9	52
206	1	Upper_Left	2d291fa3-f0fd-4bc1-91a6-783863714190	12:7030656−104650534	6, 8	243
206	2	Upper_Right	337819d2-5281-4b41-9583-a476924bc837	6:20138021−151484461	4, 8	28
206	3	Lower_Left	337819d2-5281-4b41-9583-a476924bc837	16:24987472−67049646	5, 9	11
206	4	Lower_Right	53086e20-a727-40d6-b42d-8030109b5130	6:28215328−141062702	5, 6	20
207	1	Upper_Left	53086e20-a727-40d6-b42d-8030109b5130	17:3107404−39977217	4, 10	24
207	2	Upper_Right	647dc54f-a51b-40ea-9d97-c93598c2af71	18:1875598−19427543	6, 15	20
207	3	Lower_Left	8b5746f9-dbee-40bd-9141-1081960cf286	1:17246972−229690987	6, 11	48
207	4	Lower_Right	8b5746f9-dbee-40bd-9141-1081960cf286	13:58047889−91889039	5, 7	57
208	1	Upper_Left	8b5746f9-dbee-40bd-9141-1081960cf286	16:693417−62053802	5, 8	8
208	2	Upper_Right	8b5746f9-dbee-40bd-9141-1081960cf286	19:3088176−57557538	6, 9	90
208	3	Lower_Left	c991697f-77f9-412a-9bd1-0e47f7387cb2	8:18453850−78826170	5, 8	79
208	4	Lower_Right	c991697f-77f9-412a-9bd1-0e47f7387cb2	17:25815792−62916421	5, 9	70
209	1	Upper_Left	cb622cd6-776d-4681-8a67-4addd61c66b8	5:94993806−173860097	4, 5	94
209	2	Upper_Right	cb622cd6-776d-4681-8a67-4addd61c66b8	6:64442061−96377194	5, 8	8
209	3	Lower_Left	cb622cd6-776d-4681-8a67-4addd61c66b8	7:75111917−159113377	6, 6	71
209	4	Lower_Right	cb622cd6-776d-4681-8a67-4addd61c66b8	19:16006717−23829529	4, 7	44
210	1	Upper_Left	e2aaabd9-f4ba-4763-a28a-c14d46a4bc5d	6:1632693−2284818	5, 7	11
210	2	Upper_Right	e37cae9e-0656-4b89-b326-739a5cc859e0	3:374952−134097822	4, 7	42
210	3	Lower_Left	2b76cc9c-c379-43e4-9c3f-56197a3353be	19:46536637−46823329	5, 5	5
210	4	Lower_Right	2b865f8c-539f-4cb2-8f08-41709e9511e5	5:55406655−175308957	5, 7	13
211	1	Upper_Left	5ffa2ec6-2d94-4b09-8fb9-3591cf38fa4f	7:33023335−53917686	5, 5	24
211	2	Upper_Right	748e38b1-2ead-4a0a-8881-d640617b856b	1:54723498−244586486	5, 6	54
211	3	Lower_Left	748e38b1-2ead-4a0a-8881-d640617b856b	6:101518828−135926443	4, 5	41
211	4	Lower_Right	748e38b1-2ead-4a0a-8881-d640617b856b	8:126280423−138629562	5, 11	16
212	1	Upper_Left	af37d8f0-fea0-47f6-be0a-2fb55a5da5c4	1:16306658−167711700	5, 6	15
212	2	Upper_Right	b60f22ac-a659-4f33-b01d-820e86a9a5c9	19:12718468−44715346	6, 10	10
212	3	Lower_Left	bad34c92-1e64-4187-a0b4-061105fd13ba	17:36816085−74685847	5, 9	38
212	4	Lower_Right	c88e3901-f3ee-436a-ba80-143c8eab7d69	8:51305779−141554762	6, 7	78
